feature,normal_mean,abnormal_mean,change_percent,absolute_change_percent
network_bytes_received,4087077101.8989897,76161399.46666667,-98.13653137516589,98.13653137516589
network_bytes_sent,213834927.83838382,22916266.666666668,-89.28319760559101,89.28319760559101
active_connections,34.61616161616162,51.0,47.33002626203675,47.33002626203675
cpu_usage,8.892929292929294,9.72,9.300318037255789,9.300318037255789
memory_usage,54.54040404040404,54.92333333333332,0.7021020464857551,0.7021020464857551
messages_per_second,0.0,0.16795729306589177,,
message_size,0.0,55.0,,
bytes_per_second,,,,
average_message_size,,,,
connection_rate,,,,
reconnection_rate,,,,
