id,active_connections,messages_per_second,message_size,cpu_usage,memory_usage,network_bytes_sent,network_bytes_received,scenario,label,experiment_id,collected_at,network_total,connection_density,message_load,resource_pressure,network_rate
1,30,0,0,1.5,54.9,212232192,4085316608,baseline,0,0.0,2026-10-04 14:54:40,4297548800,0.0,0,28.2,0.0
2,30,0,0,9.2,55.1,212242432,4085336064,baseline,0,0.0,2026-10-04 14:54:46,4297578496,0.0,0,32.15,29696.0
3,30,0,0,6.2,55.0,212244480,4085338112,baseline,0,0.0,2026-10-04 14:54:47,4297582592,0.0,0,30.6,4096.0
4,30,0,0,5.9,55.0,212245504,4085340160,baseline,0,0.0,2026-10-04 14:54:48,4297585664,0.0,0,30.45,3072.0
5,30,0,0,10.1,55.0,212246528,4085341184,baseline,0,0.0,2026-10-04 14:54:49,4297587712,0.0,0,32.55,2048.0
6,30,0,0,4.9,54.9,212247552,4085343232,baseline,0,0.0,2026-10-04 14:54:50,4297590784,0.0,0,29.9,3072.0
7,33,0,0,5.9,55.2,212641792,4085647360,baseline,0,0.0,2026-10-04 14:56:00,4298289152,0.0,0,30.55,698368.0
8,33,0,0,11.0,54.7,212645888,4085652480,baseline,0,0.0,2026-10-04 14:56:01,4298298368,0.0,0,32.85,9216.0
9,33,0,0,10.2,55.0,212651008,4085657600,baseline,0,0.0,2026-10-04 14:56:02,4298308608,0.0,0,32.6,10240.0
10,33,0,0,5.9,55.0,212652032,4085659648,baseline,0,0.0,2026-10-04 14:56:03,4298311680,0.0,0,30.45,3072.0
11,33,0,0,8.2,55.0,212656128,4085664768,baseline,0,0.0,2026-10-04 14:56:04,4298320896,0.0,0,31.6,9216.0
12,33,0,0,2.5,55.0,212657152,4085665792,baseline,0,0.0,2026-10-04 14:56:05,4298322944,0.0,0,28.75,2048.0
13,33,0,0,4.0,55.0,212662272,4085670912,baseline,0,0.0,2026-10-04 14:56:06,4298333184,0.0,0,29.5,10240.0
14,33,0,0,5.5,55.0,212663296,4085671936,baseline,0,0.0,2026-10-04 14:56:07,4298335232,0.0,0,30.25,2048.0
15,33,0,0,9.0,55.1,212669440,4085678080,baseline,0,0.0,2026-10-04 14:56:08,4298347520,0.0,0,32.05,12288.0
16,33,0,0,18.3,55.8,212670464,4085679104,baseline,0,0.0,2026-10-04 14:56:10,4298349568,0.0,0,37.05,2048.0
17,33,0,0,8.6,55.8,212674560,4085684224,baseline,0,0.0,2026-10-04 14:56:11,4298358784,0.0,0,32.199999999999996,9216.0
18,33,0,0,7.9,55.9,212675584,4085685248,baseline,0,0.0,2026-10-04 14:56:12,4298360832,0.0,0,31.9,2048.0
19,33,0,0,15.8,55.8,212688896,4085698560,baseline,0,0.0,2026-10-04 14:56:13,4298387456,0.0,0,35.8,26624.0
20,33,0,0,5.4,55.8,212689920,4085700608,baseline,0,0.0,2026-10-04 14:56:14,4298390528,0.0,0,30.599999999999998,3072.0
21,33,0,0,3.9,55.7,212704256,4085707776,baseline,0,0.0,2026-10-04 14:56:15,4298412032,0.0,0,29.8,21504.0
22,33,0,0,22.0,55.4,212707328,4085709824,baseline,0,0.0,2026-10-04 14:56:16,4298417152,0.0,0,38.7,5120.0
23,33,0,0,8.8,55.3,212714496,4085721088,baseline,0,0.0,2026-10-04 14:56:17,4298435584,0.0,0,32.05,18432.0
24,33,0,0,21.2,55.3,212719616,4085727232,baseline,0,0.0,2026-10-04 14:56:18,4298446848,0.0,0,38.25,11264.0
25,33,0,0,7.8,54.8,212725760,4085728256,baseline,0,0.0,2026-10-04 14:56:19,4298454016,0.0,0,31.299999999999997,7168.0
26,33,0,0,7.4,55.2,212729856,4085733376,baseline,0,0.0,2026-10-04 14:56:20,4298463232,0.0,0,31.3,9216.0
27,33,0,0,3.0,55.2,212730880,4085734400,baseline,0,0.0,2026-10-04 14:56:21,4298465280,0.0,0,29.1,2048.0
28,33,0,0,2.9,55.2,212732928,4085737472,baseline,0,0.0,2026-10-04 14:56:22,4298470400,0.0,0,29.05,5120.0
29,33,0,0,2.4,55.2,212733952,4085738496,baseline,0,0.0,2026-10-04 14:56:24,4298472448,0.0,0,28.8,2048.0
30,33,0,0,12.4,55.1,212736000,4085740544,baseline,0,0.0,2026-10-04 14:56:25,4298476544,0.0,0,33.75,4096.0
31,33,0,0,9.8,55.3,212737024,4085741568,baseline,0,0.0,2026-10-04 14:56:26,4298478592,0.0,0,32.55,2048.0
32,33,0,0,9.3,54.7,212739072,4085743616,baseline,0,0.0,2026-10-04 14:56:27,4298482688,0.0,0,32.0,4096.0
33,33,0,0,8.3,54.6,212740096,4085744640,baseline,0,0.0,2026-10-04 14:56:28,4298484736,0.0,0,31.450000000000003,2048.0
34,33,0,0,3.5,55.3,212745216,4085747712,baseline,0,0.0,2026-10-04 14:56:29,4298492928,0.0,0,29.4,8192.0
35,33,0,0,1.5,54.8,212746240,4085749760,baseline,0,0.0,2026-10-04 14:56:30,4298496000,0.0,0,28.15,3072.0
36,33,0,0,5.4,55.3,212747264,4085750784,baseline,0,0.0,2026-10-04 14:56:31,4298498048,0.0,0,30.349999999999998,2048.0
37,33,0,0,5.9,54.8,212748288,4085752832,baseline,0,0.0,2026-10-04 14:56:32,4298501120,0.0,0,30.349999999999998,3072.0
38,33,0,0,7.8,54.8,212763648,4085758976,baseline,0,0.0,2026-10-04 14:56:33,4298522624,0.0,0,31.299999999999997,21504.0
39,33,0,0,9.8,55.2,212764672,4085762048,baseline,0,0.0,2026-10-04 14:56:34,4298526720,0.0,0,32.5,4096.0
40,33,0,0,7.8,55.2,212765696,4085764096,baseline,0,0.0,2026-10-04 14:56:35,4298529792,0.0,0,31.5,3072.0
41,33,0,0,5.4,55.2,212767744,4085765120,baseline,0,0.0,2026-10-04 14:56:36,4298532864,0.0,0,30.3,3072.0
42,33,0,0,3.9,55.2,212768768,4085767168,baseline,0,0.0,2026-10-04 14:56:37,4298535936,0.0,0,29.55,3072.0
43,33,0,0,1.5,54.8,212783104,4085772288,baseline,0,0.0,2026-10-04 14:56:39,4298555392,0.0,0,28.15,19456.0
44,33,0,0,4.9,54.8,212784128,4085773312,baseline,0,0.0,2026-10-04 14:56:40,4298557440,0.0,0,29.849999999999998,2048.0
45,33,0,0,4.9,54.8,212785152,4085774336,baseline,0,0.0,2026-10-04 14:56:41,4298559488,0.0,0,29.849999999999998,2048.0
46,33,0,0,11.2,55.2,212787200,4085775360,baseline,0,0.0,2026-10-04 14:56:42,4298562560,0.0,0,33.2,3072.0
47,33,0,0,10.3,55.2,212789248,4085778432,baseline,0,0.0,2026-10-04 14:56:43,4298567680,0.0,0,32.75,5120.0
48,33,0,0,7.8,55.2,212790272,4085779456,baseline,0,0.0,2026-10-04 14:56:44,4298569728,0.0,0,31.5,2048.0
49,33,0,0,6.3,55.2,212791296,4085781504,baseline,0,0.0,2026-10-04 14:56:45,4298572800,0.0,0,30.75,3072.0
50,33,0,0,2.9,55.4,212792320,4085782528,baseline,0,0.0,2026-10-04 14:56:46,4298574848,0.0,0,29.15,2048.0
51,33,0,0,1.5,54.8,212794368,4085785600,baseline,0,0.0,2026-10-04 14:56:47,4298579968,0.0,0,28.15,5120.0
52,33,0,0,3.5,54.8,212795392,4085786624,baseline,0,0.0,2026-10-04 14:56:48,4298582016,0.0,0,29.15,2048.0
53,33,0,0,7.3,55.3,212797440,4085788672,baseline,0,0.0,2026-10-04 14:56:49,4298586112,0.0,0,31.299999999999997,4096.0
54,33,0,0,10.7,54.8,212798464,4085789696,baseline,0,0.0,2026-10-04 14:56:50,4298588160,0.0,0,32.75,2048.0
55,33,0,0,9.3,54.7,212800512,4085791744,baseline,0,0.0,2026-10-04 14:56:51,4298592256,0.0,0,32.0,4096.0
56,33,0,0,6.9,55.2,212801536,4085793792,baseline,0,0.0,2026-10-04 14:56:52,4298595328,0.0,0,31.05,3072.0
57,33,0,0,5.8,55.2,212803584,4085796864,baseline,0,0.0,2026-10-04 14:56:53,4298600448,0.0,0,30.5,5120.0
58,33,0,0,7.3,55.1,212804608,4085797888,baseline,0,0.0,2026-10-04 14:56:55,4298602496,0.0,0,31.2,2048.0
59,33,0,0,7.2,54.9,212805632,4085798912,baseline,0,0.0,2026-10-04 14:56:56,4298604544,0.0,0,31.05,2048.0
60,33,0,0,8.0,55.3,212806656,4085800960,baseline,0,0.0,2026-10-04 14:56:57,4298607616,0.0,0,31.65,3072.0
61,33,0,0,8.7,55.3,212809728,4085803008,baseline,0,0.0,2026-10-04 14:56:58,4298612736,0.0,0,32.0,5120.0
62,33,0,0,10.3,54.6,212810752,4085805056,baseline,0,0.0,2026-10-04 14:56:59,4298615808,0.0,0,32.45,3072.0
63,33,0,0,6.4,55.6,212811776,4085806080,baseline,0,0.0,2026-10-04 14:57:00,4298617856,0.0,0,31.0,2048.0
64,33,0,0,3.4,54.9,212813824,4085808128,baseline,0,0.0,2026-10-04 14:57:01,4298621952,0.0,0,29.15,4096.0
65,33,0,0,9.8,54.6,212815872,4085811200,baseline,0,0.0,2026-10-04 14:57:02,4298627072,0.0,0,32.2,5120.0
66,33,0,0,7.2,55.5,212816896,4085812224,baseline,0,0.0,2026-10-04 14:57:03,4298629120,0.0,0,31.35,2048.0
67,33,0,0,8.3,55.3,212817920,4085813248,baseline,0,0.0,2026-10-04 14:57:04,4298631168,0.0,0,31.799999999999997,2048.0
68,33,0,0,10.2,54.7,212819968,4085816320,baseline,0,0.0,2026-10-04 14:57:05,4298636288,0.0,0,32.45,5120.0
69,33,0,0,6.9,54.6,212820992,4085817344,baseline,0,0.0,2026-10-04 14:57:06,4298638336,0.0,0,30.75,2048.0
70,33,0,0,5.4,54.5,212822016,4085819392,baseline,0,0.0,2026-10-04 14:57:07,4298641408,0.0,0,29.95,3072.0
71,33,0,0,3.4,54.4,212823040,4085820416,baseline,0,0.0,2026-10-04 14:57:09,4298643456,0.0,0,28.9,2048.0
72,33,0,0,1.0,54.4,212824064,4085822464,baseline,0,0.0,2026-10-04 14:57:10,4298646528,0.0,0,27.7,3072.0
73,33,0,0,3.9,54.2,212826112,4085824512,baseline,0,0.0,2026-10-04 14:57:11,4298650624,0.0,0,29.05,4096.0
74,33,0,0,6.4,54.2,212827136,4085826560,baseline,0,0.0,2026-10-04 14:57:12,4298653696,0.0,0,30.3,3072.0
75,33,0,0,8.3,54.9,212828160,4085827584,baseline,0,0.0,2026-10-04 14:57:13,4298655744,0.0,0,31.6,2048.0
76,33,0,0,10.7,54.8,212829184,4085828608,baseline,0,0.0,2026-10-04 14:57:14,4298657792,0.0,0,32.75,2048.0
77,33,0,0,8.8,55.0,212830208,4085829632,baseline,0,0.0,2026-10-04 14:57:15,4298659840,0.0,0,31.9,2048.0
78,33,0,0,7.4,55.1,212834304,4085833728,baseline,0,0.0,2026-10-04 14:57:16,4298668032,0.0,0,31.25,8192.0
79,33,0,0,4.8,54.5,212836352,4085835776,baseline,0,0.0,2026-10-04 14:57:17,4298672128,0.0,0,29.65,4096.0
80,33,0,0,3.5,55.1,212837376,4085836800,baseline,0,0.0,2026-10-04 14:57:18,4298674176,0.0,0,29.3,2048.0
81,33,0,0,2.9,55.1,212840448,4085839872,baseline,0,0.0,2026-10-04 14:57:19,4298680320,0.0,0,29.0,6144.0
82,33,0,0,5.3,55.1,212841472,4085841920,baseline,0,0.0,2026-10-04 14:57:20,4298683392,0.0,0,30.2,3072.0
83,33,0,0,7.9,54.8,212842496,4085842944,baseline,0,0.0,2026-10-04 14:57:21,4298685440,0.0,0,31.349999999999998,2048.0
84,33,0,0,12.3,54.7,212846592,4085847040,baseline,0,0.0,2026-10-04 14:57:22,4298693632,0.0,0,33.5,8192.0
85,33,0,0,9.8,54.7,212847616,4085848064,baseline,0,0.0,2026-10-04 14:57:24,4298695680,0.0,0,32.25,2048.0
86,33,0,0,11.1,55.0,212848640,4085850112,baseline,0,0.0,2026-10-04 14:57:25,4298698752,0.0,0,33.05,3072.0
87,33,0,0,5.9,55.0,212849664,4085851136,baseline,0,0.0,2026-10-04 14:57:26,4298700800,0.0,0,30.45,2048.0
88,33,0,0,3.0,55.0,212851712,4085854208,baseline,0,0.0,2026-10-04 14:57:27,4298705920,0.0,0,29.0,5120.0
89,33,0,0,6.9,55.1,212852736,4085855232,baseline,0,0.0,2026-10-04 14:57:28,4298707968,0.0,0,31.0,2048.0
90,33,0,0,11.7,55.5,212853760,4085857280,baseline,0,0.0,2026-10-04 14:57:29,4298711040,0.0,0,33.6,3072.0
91,33,0,0,11.1,55.4,212854784,4085858304,baseline,0,0.0,2026-10-04 14:57:30,4298713088,0.0,0,33.25,2048.0
92,33,0,0,9.6,54.7,212862976,4085868544,baseline,0,0.0,2026-10-04 14:57:31,4298731520,0.0,0,32.15,18432.0
93,33,0,0,4.9,55.3,212864000,4085869568,baseline,0,0.0,2026-10-04 14:57:32,4298733568,0.0,0,30.099999999999998,2048.0
94,33,0,0,11.7,55.2,212868096,4085873664,baseline,0,0.0,2026-10-04 14:57:33,4298741760,0.0,0,33.45,8192.0
95,33,0,0,1.0,55.5,212880384,4085876736,baseline,0,0.0,2026-10-04 14:57:34,4298757120,0.0,0,28.25,15360.0
96,33,0,0,11.7,55.3,212881408,4085880832,baseline,0,0.0,2026-10-04 14:57:35,4298762240,0.0,0,33.5,5120.0
97,33,0,0,5.9,55.4,212883456,4085881856,baseline,0,0.0,2026-10-04 14:57:36,4298765312,0.0,0,30.65,3072.0
98,33,0,0,10.8,55.4,212884480,4085883904,baseline,0,0.0,2026-10-04 14:57:37,4298768384,0.0,0,33.1,3072.0
99,33,0,0,19.8,55.7,212898816,4085889024,baseline,0,0.0,2026-10-04 14:57:39,4298787840,0.0,0,37.75,19456.0
100,33,0,0,9.8,55.6,212899840,4085890048,baseline,0,0.0,2026-10-04 14:57:40,4298789888,0.0,0,32.7,2048.0
101,33,0,0,5.0,54.5,212900864,4085892096,baseline,0,0.0,2026-10-04 14:57:41,4298792960,0.0,0,29.75,3072.0
102,33,0,0,10.9,55.1,212902912,4085893120,baseline,0,0.0,2026-10-04 14:57:42,4298796032,0.0,0,33.0,3072.0
103,33,0,0,12.4,55.3,212903936,4085895168,baseline,0,0.0,2026-10-04 14:57:43,4298799104,0.0,0,33.85,3072.0
104,33,0,0,3.4,54.8,212904960,4085896192,baseline,0,0.0,2026-10-04 14:57:44,4298801152,0.0,0,29.099999999999998,2048.0
105,33,0,0,10.9,55.1,212907008,4085898240,baseline,0,0.0,2026-10-04 14:57:45,4298805248,0.0,0,33.0,4096.0
106,33,0,0,15.0,55.5,212908032,4085900288,baseline,0,0.0,2026-10-04 14:57:46,4298808320,0.0,0,35.25,3072.0
107,33,0,0,6.9,54.8,212909056,4085901312,baseline,0,0.0,2026-10-04 14:57:47,4298810368,0.0,0,30.849999999999998,2048.0
108,33,0,0,8.7,55.3,212910080,4085902336,baseline,0,0.0,2026-10-04 14:57:48,4298812416,0.0,0,32.0,2048.0
109,33,0,0,6.4,55.2,212912128,4085904384,baseline,0,0.0,2026-10-04 14:57:49,4298816512,0.0,0,30.8,4096.0
110,33,0,0,4.4,55.3,212913152,4085906432,baseline,0,0.0,2026-10-04 14:57:50,4298819584,0.0,0,29.849999999999998,3072.0
111,33,0,0,3.8,55.1,212914176,4085907456,baseline,0,0.0,2026-10-04 14:57:51,4298821632,0.0,0,29.45,2048.0
112,33,0,0,8.7,55.2,212915200,4085909504,baseline,0,0.0,2026-10-04 14:57:52,4298824704,0.0,0,31.950000000000003,3072.0
113,33,0,0,16.3,55.2,212917248,4085911552,baseline,0,0.0,2026-10-04 14:57:54,4298828800,0.0,0,35.75,4096.0
114,33,0,0,11.7,55.2,212918272,4085913600,baseline,0,0.0,2026-10-04 14:57:55,4298831872,0.0,0,33.45,3072.0
115,33,0,0,6.9,55.2,212920320,4085915648,baseline,0,0.0,2026-10-04 14:57:56,4298835968,0.0,0,31.05,4096.0
116,33,0,0,3.4,55.0,212921344,4085917696,baseline,0,0.0,2026-10-04 14:57:57,4298839040,0.0,0,29.2,3072.0
117,33,0,0,0.5,55.2,212922368,4085918720,baseline,0,0.0,2026-10-04 14:57:58,4298841088,0.0,0,27.85,2048.0
118,33,0,0,3.0,55.2,212923392,4085920768,baseline,0,0.0,2026-10-04 14:57:59,4298844160,0.0,0,29.1,3072.0
119,33,0,0,9.7,55.3,212924416,4085921792,baseline,0,0.0,2026-10-04 14:58:00,4298846208,0.0,0,32.5,2048.0
120,33,0,0,14.9,55.4,212925440,4085923840,baseline,0,0.0,2026-10-04 14:58:01,4298849280,0.0,0,35.15,3072.0
121,33,0,0,12.2,55.3,212933632,4086020096,baseline,0,0.0,2026-10-04 14:58:02,4298953728,0.0,0,33.75,104448.0
122,33,0,0,8.8,55.3,212934656,4086022144,baseline,0,0.0,2026-10-04 14:58:03,4298956800,0.0,0,32.05,3072.0
123,33,0,0,6.9,55.2,212935680,4086023168,baseline,0,0.0,2026-10-04 14:58:04,4298958848,0.0,0,31.05,2048.0
124,33,0,0,3.5,55.2,212936704,4086024192,baseline,0,0.0,2026-10-04 14:58:05,4298960896,0.0,0,29.35,2048.0
125,33,0,0,13.7,55.6,212939776,4086026240,baseline,0,0.0,2026-10-04 14:58:06,4298966016,0.0,0,34.65,5120.0
126,33,0,0,8.4,55.8,212940800,4086028288,baseline,0,0.0,2026-10-04 14:58:07,4298969088,0.0,0,32.1,3072.0
127,33,0,0,8.5,55.7,212953088,4086030336,baseline,0,0.0,2026-10-04 14:58:09,4298983424,0.0,0,32.1,14336.0
128,33,0,0,13.5,55.7,212955136,4086036480,baseline,0,0.0,2026-10-04 14:58:10,4298991616,0.0,0,34.6,8192.0
129,33,0,0,7.7,55.7,212958208,4086038528,baseline,0,0.0,2026-10-04 14:58:11,4298996736,0.0,0,31.700000000000003,5120.0
130,33,0,0,20.7,55.6,212959232,4086039552,baseline,0,0.0,2026-10-04 14:58:12,4298998784,0.0,0,38.15,2048.0
131,33,0,0,16.3,55.6,212960256,4086041600,baseline,0,0.0,2026-10-04 14:58:13,4299001856,0.0,0,35.95,3072.0
132,33,0,0,12.1,55.6,212961280,4086042624,baseline,0,0.0,2026-10-04 14:58:14,4299003904,0.0,0,33.85,2048.0
133,33,0,0,20.2,55.8,213001216,4086045696,baseline,0,0.0,2026-10-04 14:58:15,4299046912,0.0,0,38.0,43008.0
134,33,0,0,19.5,55.4,213028864,4086124544,baseline,0,0.0,2026-10-04 14:58:16,4299153408,0.0,0,37.45,106496.0
135,33,0,0,6.3,55.3,213029888,4086134784,baseline,0,0.0,2026-10-04 14:58:17,4299164672,0.0,0,30.799999999999997,11264.0
136,33,0,0,8.3,55.0,213031936,4086136832,baseline,0,0.0,2026-10-04 14:58:18,4299168768,0.0,0,31.65,4096.0
137,33,0,0,10.3,54.9,213032960,4086137856,baseline,0,0.0,2026-10-04 14:58:19,4299170816,0.0,0,32.6,2048.0
138,33,0,0,18.0,55.2,213035008,4086141952,baseline,0,0.0,2026-10-04 14:58:20,4299176960,0.0,0,36.6,6144.0
139,33,0,0,21.3,55.4,213037056,4086144000,baseline,0,0.0,2026-10-04 14:58:21,4299181056,0.0,0,38.35,4096.0
140,33,0,0,18.9,55.5,213039104,4086146048,baseline,0,0.0,2026-10-04 14:58:22,4299185152,0.0,0,37.2,4096.0
141,33,0,0,13.9,55.2,213040128,4086149120,baseline,0,0.0,2026-10-04 14:58:24,4299189248,0.0,0,34.550000000000004,4096.0
142,33,0,0,19.4,55.4,213042176,4086153216,baseline,0,0.0,2026-10-04 14:58:25,4299195392,0.0,0,37.4,6144.0
143,33,0,0,15.5,55.6,213044224,4086155264,baseline,0,0.0,2026-10-04 14:58:26,4299199488,0.0,0,35.55,4096.0
144,33,0,0,15.8,55.6,213052416,4086165504,baseline,0,0.0,2026-10-04 14:58:27,4299217920,0.0,0,35.7,18432.0
145,33,0,0,13.9,55.4,213053440,4086167552,baseline,0,0.0,2026-10-04 14:58:28,4299220992,0.0,0,34.65,3072.0
146,33,0,0,11.8,55.9,213055488,4086170624,baseline,0,0.0,2026-10-04 14:58:29,4299226112,0.0,0,33.85,5120.0
147,33,0,0,14.6,55.7,213057536,4086173696,baseline,0,0.0,2026-10-04 14:58:30,4299231232,0.0,0,35.15,5120.0
148,33,0,0,16.6,56.0,213058560,4086175744,baseline,0,0.0,2026-10-04 14:58:31,4299234304,0.0,0,36.3,3072.0
149,33,0,0,20.5,55.9,213060608,4086178816,baseline,0,0.0,2026-10-04 14:58:32,4299239424,0.0,0,38.2,5120.0
150,33,0,0,19.9,55.7,213065728,4086184960,baseline,0,0.0,2026-10-04 14:58:33,4299250688,0.0,0,37.8,11264.0
151,33,0,0,14.9,55.7,213066752,4086187008,baseline,0,0.0,2026-10-04 14:58:34,4299253760,0.0,0,35.300000000000004,3072.0
152,33,0,0,4.0,55.9,213098496,4086191104,baseline,0,0.0,2026-10-04 14:58:35,4299289600,0.0,0,29.95,35840.0
153,33,0,0,2.0,55.9,213170176,4086204416,baseline,0,0.0,2026-10-04 14:58:36,4299374592,0.0,0,28.95,84992.0
154,33,0,0,11.4,54.6,213552128,4086573056,baseline,0,0.0,2026-10-04 15:02:00,4300125184,0.0,0,33.0,750592.0
155,33,0,0,9.8,54.6,213553152,4086575104,baseline,0,0.0,2026-10-04 15:02:01,4300128256,0.0,0,32.2,3072.0
156,33,0,0,7.4,54.0,213555200,4086576128,baseline,0,0.0,2026-10-04 15:02:02,4300131328,0.0,0,30.7,3072.0
157,33,0,0,5.8,54.4,213557248,4086579200,baseline,0,0.0,2026-10-04 15:02:03,4300136448,0.0,0,30.099999999999998,5120.0
158,33,0,0,7.0,54.2,213562368,4086591488,baseline,normal,1.0,2026-10-04 15:02:23,4300153856,0.0,0,30.6,17408.0
159,33,0,0,11.3,54.4,213563392,4086593536,baseline,normal,1.0,2026-10-04 15:02:24,4300156928,0.0,0,32.85,3072.0
160,33,0,0,14.7,54.6,213564416,4086594560,baseline,normal,1.0,2026-10-04 15:02:26,4300158976,0.0,0,34.65,2048.0
161,33,0,0,4.9,54.3,213565440,4086596608,baseline,normal,1.0,2026-10-04 15:02:27,4300162048,0.0,0,29.599999999999998,3072.0
162,33,0,0,7.4,53.9,213566464,4086597632,baseline,normal,1.0,2026-10-04 15:02:28,4300164096,0.0,0,30.65,2048.0
163,33,0,0,7.0,53.9,213568512,4086600704,baseline,normal,1.0,2026-10-04 15:02:29,4300169216,0.0,0,30.45,5120.0
164,33,0,0,13.1,54.7,213569536,4086601728,baseline,normal,1.0,2026-10-04 15:02:31,4300171264,0.0,0,33.9,2048.0
165,33,0,0,13.9,54.8,213576704,4086610944,baseline,normal,1.0,2026-10-04 15:02:32,4300187648,0.0,0,34.35,16384.0
166,33,0,0,4.0,55.0,213578752,4086612992,baseline,normal,1.0,2026-10-04 15:02:33,4300191744,0.0,0,29.5,4096.0
167,33,0,0,9.7,54.2,213582848,4086618112,baseline,normal,1.0,2026-10-04 15:02:34,4300200960,0.0,0,31.950000000000003,9216.0
168,33,0,0,12.6,54.9,213584896,4086620160,baseline,normal,1.0,2026-10-04 15:02:35,4300205056,0.0,0,33.75,4096.0
169,33,0,0,3.9,55.0,213596160,4086622208,baseline,normal,1.0,2026-10-04 15:02:37,4300218368,0.0,0,29.45,13312.0
170,33,0,0,11.4,54.1,213597184,4086626304,baseline,normal,1.0,2026-10-04 15:02:38,4300223488,0.0,0,32.75,5120.0
171,33,0,0,5.9,54.6,213623808,4086660096,baseline,normal,1.0,2026-10-04 15:02:39,4300283904,0.0,0,30.25,60416.0
172,33,0,0,9.9,54.6,213625856,4086667264,baseline,normal,1.0,2026-10-04 15:02:40,4300293120,0.0,0,32.25,9216.0
173,33,0,0,9.2,54.6,213646336,4086880256,baseline,normal,1.0,2026-10-04 15:02:41,4300526592,0.0,0,31.9,233472.0
174,33,0,0,8.7,55.1,213678080,4086890496,baseline,normal,1.0,2026-10-04 15:02:43,4300568576,0.0,0,31.9,41984.0
175,33,0,0,16.3,55.0,213690368,4086904832,baseline,normal,1.0,2026-10-04 15:02:44,4300595200,0.0,0,35.65,26624.0
176,34,0,0,6.9,55.1,213709824,4086925312,baseline,normal,1.0,2026-10-04 15:02:45,4300635136,0.0,0,31.0,39936.0
177,34,0,0,8.4,54.8,213710848,4086926336,baseline,normal,1.0,2026-10-04 15:02:46,4300637184,0.0,0,31.599999999999998,2048.0
178,35,0,0,16.5,54.8,213736448,4086951936,baseline,normal,1.0,2026-10-04 15:02:48,4300688384,0.0,0,35.65,51200.0
179,35,0,0,2.9,55.1,213761024,4086961152,baseline,normal,1.0,2026-10-04 15:02:49,4300722176,0.0,0,29.0,33792.0
180,35,0,0,14.9,55.2,213763072,4086963200,baseline,normal,1.0,2026-10-04 15:02:50,4300726272,0.0,0,35.050000000000004,4096.0
181,35,0,0,11.8,54.7,213765120,4086965248,baseline,normal,1.0,2026-10-04 15:02:51,4300730368,0.0,0,33.25,4096.0
182,35,0,0,5.9,54.5,213766144,4086966272,baseline,normal,1.0,2026-10-04 15:02:52,4300732416,0.0,0,30.2,2048.0
183,35,0,0,13.7,54.1,213768192,4086969344,baseline,normal,1.0,2026-10-04 15:02:54,4300737536,0.0,0,33.9,5120.0
184,35,0,0,9.7,53.9,213769216,4086970368,baseline,normal,1.0,2026-10-04 15:02:55,4300739584,0.0,0,31.799999999999997,2048.0
185,35,0,0,15.2,54.8,213771264,4086972416,baseline,normal,1.0,2026-10-04 15:02:56,4300743680,0.0,0,35.0,4096.0
186,35,0,0,11.8,54.8,213780480,4086980608,baseline,normal,1.0,2026-10-04 15:02:57,4300761088,0.0,0,33.3,17408.0
187,35,0,0,3.4,55.1,213793792,4086996992,baseline,normal,1.0,2026-10-04 15:02:58,4300790784,0.0,0,29.25,29696.0
188,35,0,0,14.1,55.2,213796864,4087001088,baseline,normal,1.0,2026-10-04 15:03:00,4300797952,0.0,0,34.65,7168.0
189,35,0,0,8.5,55.1,213798912,4087007232,baseline,normal,1.0,2026-10-04 15:03:01,4300806144,0.0,0,31.8,8192.0
190,35,0,0,3.9,55.1,213807104,4087095296,baseline,normal,1.0,2026-10-04 15:03:02,4300902400,0.0,0,29.5,96256.0
191,35,0,0,14.6,54.9,213808128,4087097344,baseline,normal,1.0,2026-10-04 15:03:03,4300905472,0.0,0,34.75,3072.0
192,35,0,0,6.9,54.9,213809152,4087098368,baseline,normal,1.0,2026-10-04 15:03:05,4300907520,0.0,0,30.9,2048.0
193,35,0,0,9.5,55.0,213823488,4087113728,baseline,normal,1.0,2026-10-04 15:03:06,4300937216,0.0,0,32.25,29696.0
194,35,0,0,13.5,54.8,213839872,4087128064,baseline,normal,1.0,2026-10-04 15:03:07,4300967936,0.0,0,34.15,30720.0
195,35,0,0,10.8,54.8,213841920,4087130112,baseline,normal,1.0,2026-10-04 15:03:08,4300972032,0.0,0,32.8,4096.0
196,35,0,0,19.3,55.2,213854208,4087135232,baseline,normal,1.0,2026-10-04 15:03:09,4300989440,0.0,0,37.25,17408.0
197,35,0,0,9.8,55.2,213855232,4087137280,baseline,normal,1.0,2026-10-04 15:03:11,4300992512,0.0,0,32.5,3072.0
198,35,0,0,7.8,55.1,213857280,4087139328,baseline,normal,1.0,2026-10-04 15:03:12,4300996608,0.0,0,31.45,4096.0
199,35,0,0,8.4,54.8,213862400,4087142400,baseline,normal,1.0,2026-10-04 15:03:13,4301004800,0.0,0,31.599999999999998,8192.0
200,35,0,0,1.0,54.1,213863424,4087144448,baseline,normal,1.0,2026-10-04 15:03:14,4301007872,0.0,0,27.55,3072.0
201,35,0,0,14.5,54.1,213864448,4087145472,baseline,normal,1.0,2026-10-04 15:03:15,4301009920,0.0,0,34.3,2048.0
202,35,0,0,3.4,54.0,213865472,4087147520,baseline,normal,1.0,2026-10-04 15:03:17,4301012992,0.0,0,28.7,3072.0
203,35,0,0,9.2,54.5,213866496,4087148544,baseline,normal,1.0,2026-10-04 15:03:18,4301015040,0.0,0,31.85,2048.0
204,35,0,0,9.3,54.5,213869568,4087151616,baseline,normal,1.0,2026-10-04 15:03:19,4301021184,0.0,0,31.9,6144.0
205,35,0,0,7.8,54.7,213871616,4087153664,baseline,normal,1.0,2026-10-04 15:03:20,4301025280,0.0,0,31.25,4096.0
206,35,0,0,9.0,55.2,213872640,4087155712,baseline,normal,1.0,2026-10-04 15:03:22,4301028352,0.0,0,32.1,3072.0
207,35,0,0,11.7,55.2,213873664,4087156736,baseline,normal,1.0,2026-10-04 15:03:23,4301030400,0.0,0,33.45,2048.0
208,35,0,0,8.2,55.2,213874688,4087157760,baseline,normal,1.0,2026-10-04 15:03:24,4301032448,0.0,0,31.700000000000003,2048.0
209,35,0,0,8.7,55.3,213876736,4087160832,baseline,normal,1.0,2026-10-04 15:03:25,4301037568,0.0,0,32.0,5120.0
210,35,0,0,1.0,54.3,213883904,4087170048,baseline,normal,1.0,2026-10-04 15:03:26,4301053952,0.0,0,27.65,16384.0
211,35,0,0,14.4,55.1,213884928,4087171072,baseline,normal,1.0,2026-10-04 15:03:28,4301056000,0.0,0,34.75,2048.0
212,35,0,0,10.8,55.2,213886976,4087173120,baseline,normal,1.0,2026-10-04 15:03:29,4301060096,0.0,0,33.0,4096.0
213,35,0,0,2.5,54.9,213890048,4087175168,baseline,normal,1.0,2026-10-04 15:03:30,4301065216,0.0,0,28.7,5120.0
214,35,0,0,11.9,54.4,213896192,4087188480,baseline,normal,1.0,2026-10-04 15:03:31,4301084672,0.0,0,33.15,19456.0
215,35,0,0,4.4,54.6,213897216,4087190528,baseline,normal,1.0,2026-10-04 15:03:32,4301087744,0.0,0,29.5,3072.0
216,35,0,0,13.4,54.6,213906432,4087203840,baseline,normal,1.0,2026-10-04 15:03:34,4301110272,0.0,0,34.0,22528.0
217,35,0,0,7.9,54.6,213910528,4087216128,baseline,normal,1.0,2026-10-04 15:03:35,4301126656,0.0,0,31.25,16384.0
218,35,0,0,7.8,54.5,213912576,4087219200,baseline,normal,1.0,2026-10-04 15:03:36,4301131776,0.0,0,31.15,5120.0
219,35,0,0,11.8,54.5,213914624,4087220224,baseline,normal,1.0,2026-10-04 15:03:37,4301134848,0.0,0,33.15,3072.0
220,35,0,0,1.5,54.7,213915648,4087222272,baseline,normal,1.0,2026-10-04 15:03:38,4301137920,0.0,0,28.1,3072.0
221,35,0,0,8.8,54.2,213926912,4087223296,baseline,normal,1.0,2026-10-04 15:03:40,4301150208,0.0,0,31.5,12288.0
222,35,0,0,5.9,54.1,213928960,4087228416,baseline,normal,1.0,2026-10-04 15:03:41,4301157376,0.0,0,30.0,7168.0
223,35,0,0,4.8,54.6,213929984,4087230464,baseline,normal,1.0,2026-10-04 15:03:42,4301160448,0.0,0,29.7,3072.0
224,35,0,0,21.2,54.2,213932032,4087232512,baseline,normal,1.0,2026-10-04 15:03:43,4301164544,0.0,0,37.7,4096.0
225,35,0,0,2.9,54.6,213933056,4087233536,baseline,normal,1.0,2026-10-04 15:03:45,4301166592,0.0,0,28.75,2048.0
226,35,0,0,11.7,54.2,213935104,4087236608,baseline,normal,1.0,2026-10-04 15:03:46,4301171712,0.0,0,32.95,5120.0
227,35,0,0,9.4,54.6,213936128,4087237632,baseline,normal,1.0,2026-10-04 15:03:47,4301173760,0.0,0,32.0,2048.0
228,35,0,0,1.9,54.1,213938176,4087240704,baseline,normal,1.0,2026-10-04 15:03:48,4301178880,0.0,0,28.0,5120.0
229,35,0,0,13.7,54.6,213939200,4087241728,baseline,normal,1.0,2026-10-04 15:03:49,4301180928,0.0,0,34.15,2048.0
230,35,0,0,5.2,54.6,213940224,4087243776,baseline,normal,1.0,2026-10-04 15:03:51,4301184000,0.0,0,29.900000000000002,3072.0
231,35,0,0,9.7,54.6,213941248,4087244800,baseline,normal,1.0,2026-10-04 15:03:52,4301186048,0.0,0,32.15,2048.0
232,35,0,0,10.6,54.1,213943296,4087247872,baseline,normal,1.0,2026-10-04 15:03:53,4301191168,0.0,0,32.35,5120.0
233,35,0,0,2.0,54.6,213944320,4087248896,baseline,normal,1.0,2026-10-04 15:03:54,4301193216,0.0,0,28.3,2048.0
234,35,0,0,12.6,54.1,213945344,4087249920,baseline,normal,1.0,2026-10-04 15:03:55,4301195264,0.0,0,33.35,2048.0
235,35,0,0,4.9,53.9,213946368,4087250944,baseline,normal,1.0,2026-10-04 15:03:57,4301197312,0.0,0,29.4,2048.0
236,35,0,0,7.4,54.5,213948416,4087254016,baseline,normal,1.0,2026-10-04 15:03:58,4301202432,0.0,0,30.95,5120.0
237,35,0,0,5.9,53.8,213949440,4087256064,baseline,normal,1.0,2026-10-04 15:03:59,4301205504,0.0,0,29.849999999999998,3072.0
238,35,0,0,8.1,54.0,213950464,4087257088,baseline,normal,1.0,2026-10-04 15:04:00,4301207552,0.0,0,31.05,2048.0
239,35,0,0,11.2,53.8,213952512,4087259136,baseline,normal,1.0,2026-10-04 15:04:02,4301211648,0.0,0,32.5,4096.0
240,35,0,0,1.5,53.7,213954560,4087261184,baseline,normal,1.0,2026-10-04 15:04:03,4301215744,0.0,0,27.6,4096.0
241,35,0,0,9.9,53.5,213955584,4087263232,baseline,normal,1.0,2026-10-04 15:04:04,4301218816,0.0,0,31.7,3072.0
242,35,0,0,8.6,53.4,213956608,4087264256,baseline,normal,1.0,2026-10-04 15:04:05,4301220864,0.0,0,31.0,2048.0
243,35,0,0,7.2,53.4,213958656,4087267328,baseline,normal,1.0,2026-10-04 15:04:06,4301225984,0.0,0,30.3,5120.0
244,35,0,0,20.2,55.0,213959680,4087268352,baseline,normal,1.0,2026-10-04 15:04:08,4301228032,0.0,0,37.6,2048.0
245,35,0,0,0.5,55.0,213960704,4087270400,baseline,normal,1.0,2026-10-04 15:04:09,4301231104,0.0,0,27.75,3072.0
246,35,0,0,10.0,54.0,213961728,4087271424,baseline,normal,1.0,2026-10-04 15:04:10,4301233152,0.0,0,32.0,2048.0
247,35,0,0,4.4,53.9,213962752,4087272448,baseline,normal,1.0,2026-10-04 15:04:11,4301235200,0.0,0,29.15,2048.0
248,35,0,0,4.9,53.8,213964800,4087274496,baseline,normal,1.0,2026-10-04 15:04:12,4301239296,0.0,0,29.349999999999998,4096.0
249,35,0,0,8.9,53.7,213965824,4087276544,baseline,normal,1.0,2026-10-04 15:04:14,4301242368,0.0,0,31.3,3072.0
250,35,0,0,12.7,54.9,213966848,4087277568,baseline,normal,1.0,2026-10-04 15:04:15,4301244416,0.0,0,33.8,2048.0
251,35,0,0,11.2,54.7,213969920,4087280640,baseline,normal,1.0,2026-10-04 15:04:16,4301250560,0.0,0,32.95,6144.0
252,35,0,0,6.9,54.9,213970944,4087281664,baseline,normal,1.0,2026-10-04 15:04:17,4301252608,0.0,0,30.9,2048.0
253,35,0,0,5.0,54.8,213972992,4087284736,baseline,normal,1.0,2026-10-04 15:04:19,4301257728,0.0,0,29.9,5120.0
254,35,0,0,10.8,54.9,213974016,4087286784,baseline,normal,1.0,2026-10-04 15:04:20,4301260800,0.0,0,32.85,3072.0
255,35,0,0,1.0,53.8,213975040,4087287808,baseline,normal,1.0,2026-10-04 15:04:21,4301262848,0.0,0,27.4,2048.0
256,35,0,0,9.5,53.8,213977088,4087289856,baseline,normal,1.0,2026-10-04 15:04:22,4301266944,0.0,0,31.65,4096.0
